PrefNameVariant_C_DOT,Transcript,DNA_Variant,Protein
c.(?_*286)_(*387_?)del,0,1,0
c.(?_1)_(*_?)del,0,1,0
c.(?_-1)_(*1_?)del,0,1,0
c.(?_-1)_(*1_?)dup,0,1,0
c.(?_-1)_(1845+1_1846-1)dup,0,1,0
c.(?_-1)_(2235+1_2236-1)del,0,1,0
c.(?_1)_(356_?)del,0,1,0
c.(?_1)_(370_?)del,0,1,0
c.(?_1)_(53+1_54-1)del,0,1,0
c.(?_-1)_(67+1_68-1)del,0,1,0
c.(?_-1)_(80+1_81-1)del,0,1,0
c.(?_1)_(8477_?)del,0,1,0
c.(?_-1)_1076+?del,0,1,0
c.(?_-1)_1200+?dup,0,1,0
c.(?_-1)_134+?del,0,1,0
c.(?_-1)_2006+?dup,0,1,0
c.(?_-1)_249+?dup,0,1,0
c.(?_-1)_4109+?dup,0,1,0
c.(?_-1)_457+?del,0,1,0
c.(?_-1)_5074+?del,0,1,0
c.(?_-1)_522+?del,0,1,0
c.(?_-1)_67+?del,0,1,0
c.(?_-1)_80+?del,0,1,0
c.(?_-1)_80+?dup,0,1,0
c.(?_-1)_837+?del,0,1,0
c.(?_-1)_858+?dup,0,1,0
c.(?_-1)_918+?dup,0,1,0
c.(?_-1)_920+?del,0,1,0
c.(?_1094)_(1236_?)del,0,1,0
c.(?_-15)_(876_?)del,0,1,0
c.(?_-151)_(72+1_73-1)del,0,1,0
c.(?_-152)_(*93_?)del,0,1,0
c.(?_-152)_457+?del,0,1,0
c.(?_1574)_(1769_?)del,0,1,0
c.(?_1689)_(1806_?)del,0,1,0
c.(?_-17093)_(1659_?)del,0,1,0
c.(?_1732)_(2271_?)del,0,1,0
c.(?_-187)_(190+1_191-1)del,0,1,0
c.(?_-187)_(67+1_68-1)del,0,1,0
c.(?_-187)_(940+1_941-1)del,0,1,0
c.(?_-198)_(*193_?)del,0,1,0
c.(?_-198)_116+?del,0,1,0
c.(?_-198)_1558+?del,0,1,0
c.(?_-198)_207+?del,0,1,0
c.(?_-198)_306+?del,0,1,0
c.(?_-198)_545+?del,0,1,0
c.(?_-198)_884+?del,0,1,0
c.(?_-227)_67+?del,0,1,0
c.(?_26)_(1090_?)del,0,1,0
c.(?_-268)_(*160_?)del,0,1,0
c.(?_2906)_(3627_?)del,0,1,0
c.(?_3374)_(3501_?)del,0,1,0
c.(?_-37541)_(-27791_?)del,0,1,0
c.(?_398-60)_(741+68_?)del,0,1,0
c.(?_464)_642+?del,0,1,0
c.(?_-50)_(*68_?)del,0,1,0
c.(?_-538)_1139+?del,0,1,0
c.(?_-68)_(*272_?)del,0,1,0
c.(?_-68)_1076+?del,0,1,0
c.(?_-68)_1276+?del,0,1,0
c.(?_-68)_1386+?del,0,1,0
c.(?_-68)_1661+?del,0,1,0
c.(?_-68)_1759+?del,0,1,0
c.(?_-68)_211+?del,0,1,0
c.(?_-68)_2634+?del,0,1,0
c.(?_-68)_366+?del,0,1,0
c.(?_-68)_645+?del,0,1,0
c.(?_-68)_792+?del,0,1,0
c.(?_-68)_942+?del,0,1,0
c.(?_8488)_(*111_?)dup,0,1,0
c.(?_-87)_(*160_?)del,0,1,0
c.(?_-87)_1144+?del,0,1,0
c.(?_-87)_23+?del,0,1,0
c.(?_929)_(1233_?)del,0,1,0
c.(?_989-5)_(2445+5_?)del,0,1,0
c.(?-1)_(*1_?)del,0,1,0
c.(?-1)_(1276+1_1277-1)del,0,1,0
c.(1)_(4374+1_4375-1)del,0,1,0
c.-(1087_1062)del,0,1,0
c.(1186+1_1187-1)_(1586+1_1587-1)del,0,1,0
c.(1186+1_1187-1)_(2140+1_2141-1)dup,0,1,0
c.(134+1_135-1)_(547+1_548-1)del,0,1,0
c.(1341+1_1342-1)_(1524+1_1525-1)del,0,1,0
c.(1341+1_1342-1)_(1716+1_1717-1)del,0,1,0
c.(1341+1_1342-1)_(4095+1_4096-1)dup,0,1,0
c.(1392+1_1393-1)_(1584+1_1585-1)del,0,1,0
c.(1584+1_1585-1)_(1679+1_1680-1)del,0,1,0
c.(1586+1_1587-1)_(1845+1_1846-1)del,0,1,0
c.(1586+1_1587-1)_(2389+1_2390-1)del,0,1,0
c.(1586+1_1587-1)_(2547+1_2548-1)del,0,1,0
c.(164+1_165-1)_(1584_+1_1585-1)del(2619+1_2620-1)_(2988+1_2989-1)del,0,1,0
c.(1661+1_1662-1)_(*1_?)del,0,1,0
c.(1705+1_1706-1)_(2140+1_2141-1)del,0,1,0
c.(1716+1_1717-1)_(1811+1_1812-1)del,0,1,0
c.(1766+1_1767-1)_(2619+1_2620-1)del,0,1,0
c.(1845+1_1846-1)_(*_?)del,0,1,0
c.(1845+1_1846-1)_(*2514_?)del,0,1,0
c.(1845+1_1846-1)_(2140+1_2141-1)del,0,1,0
c.(1845+1_1846-1)_(2311+1_2312-1)del,0,1,0
c.(1845+1_1846-1)_(2311+1_2312-1)dup,0,1,0
c.(190+1_191-1)_(1186+1_1187-1)dup,0,1,0
c.(190+1_191-1)_(1586+1_1587-1)del,0,1,0
c.(190+1_191-1)_(2140+1_2141-1)dup,0,1,0
c.(190+1_191-1)_(694+1_695-1)dup,0,1,0
c.(190+1_191-1)_(817+1_818-1)dup,0,1,0
c.(190+1_191-1)_(940+1_941-1)del,0,1,0
c.(190+1_191-1)_(940+1_941-1)dup,0,1,0
c.(2140+1_2141-1)_(*2514_?)del,0,1,0
c.(2140+1_2141-1)_(2311+1_2312-1)del,0,1,0
c.(2148+1_2149-1)_(2737+1_2738-1)del,0,1,0
c.(2173+1_2174-1)_(2318+1_2319-1)del,0,1,0
c.(2311+1_2312-1)_(*2514_?)del,0,1,0
c.(2311+1_2312-1)_(2389+1_2390-1)del,0,1,0
c.(2311+1_2312-1)_(2547+1_2548-1)del,0,1,0
c.(2311+1_2312-1)_(2547+1_2548-1)dup,0,1,0
c.(2311+1_2312-1)_*807del,0,1,0
c.(2318+1_2319-1)_(2607+1_2608-1)del,0,1,0
c.(2389+1_2390-1)_(*_?)del,0,1,0
c.(2389+1_2390-1)_(*2514_?)del,0,1,0
c.(2389+1_2390-1)_(2547+1_2548-1)del,0,1,0
c.(2619+1_2620-1)_(3367+1_3368-1)del,0,1,0
c.(2622+1_2623-1)_(2751+1_2752-1)del,0,1,0
c.(273+1_274-1)_(1116+1_1117-1)del,0,1,0
c.(273+1_274-1)_(1116+1_1117-1)del(1584+1_1585-1)_(3468+1_3469-1)del,0,1,0
c.(273+1_274-1)_(1679+1_1680-1)del,0,1,0
c.(2908+1_2909-1)_(3367+1_3368-1)del,0,1,0
c.(2988+1_2989-1)_(3367+1_3368-1)del,0,1,0
c.(2988+1_2989-1)_(3468+1_3469-1)del,0,1,0
c.(3120+1_3121-1)_(3499+1_3500-1)del,0,1,0
c.(313+1_314-1)_(1586+1_1587-1)dup,0,1,0
c.(313+1_314-1)_(940+1_941-1)del,0,1,0
c.(3271+1_3272-1)_(3600+1_3601-1)del,0,1,0
c.(3367+1_3368-1)_(3468+1_3469-1)del,0,1,0
c.(3468+1_3469-1)_(3963+1_3964-1)del,0,1,0
c.(3499+1_3500-1)_(6132)del,0,1,0
c.(3873+1_3874-1)_(3963+1_3964-1)del,0,1,0
c.(3963+1_3964-1)_(*1_?)del,0,1,0
c.(405+1_406-1)_(6132)del,0,1,0
c.(405+1_406-1)_(621+1_622-1)del,0,1,0
c.(405+1_406-1)_(711+1_712-1)del,0,1,0
c.(4095+1_4096-1)_(4374+1_4375-1)del,0,1,0
c.(441+1_442-1)_(547+1_548-1)del,0,1,0
c.(453+1_454-1)_(545+1_546-1)del,0,1,0
c.(5074+1_5075-1)_(5193+1_5194-1)del,0,1,0
c.(5074+1-5075-1)_(5193+1_5194-1)del,0,1,0
c.(53+1_54-1)_(489+1_490-1)del,0,1,0
c.(5467+1_5468-1)_(*1_?)del,0,1,0
c.(547+1_548+1)_(4185+1_4186-1)del,0,1,0
c.(67+1_68-1)_(1186+1_1187-1)dup,0,1,0
c.(67+1_68-1)_(1586+1_1587-1)del,0,1,0
c.(67+1_68-1)_(1845+1_1846-1)del,0,1,0
c.(67+1_68-1)_(2311+1_2312-1)dup,0,1,0
c.(67+1_68-1)_(817+1_818-1)del,0,1,0
c.(6841+1_6842-1)_(7007+1_7008-1)del,0,1,0
c.(694+1_695-1)_(817+1_818-1)del,0,1,0
c.(705+1_706-1)_(837+1_838-1)del,0,1,0
c.(743+1_744-1)_(1584+1_1585-1)dup,0,1,0
c.(80+1_81-1)_(134+1_135-1)del,0,1,0
c.(80+1_81-1)_(5193+1_5194-1)del,0,1,0
c.-(903_882)dup,0,1,0
c.(903+1_904-1)_(*1_?)del,0,1,0
c.(908+1_909-1)_(1095+1_1096-1)del,0,1,0
c.(940+1_941-1)_(1060+1_1061-1)del,0,1,0
c.(940+1_941-1)_(1186+1_1187-1)del,0,1,0
c.(940+1_941-1)_(1186+1_1187-1)dup,0,1,0
c.(940+1_941-1)_(1586+1_1587-1)del,0,1,0
c.(940+1_941-1)_(1845+1_1846-1)del,0,1,0
c.(940+1_941-1)_(2140+1_2141-1)del,0,1,0
c.*1_*6del,0,1,0
c.*1+18dup,0,1,0
c.*1+1G>C,0,1,0
c.*1+20dup,0,1,0
c.*1+20dupG,0,1,0
c.*10_*12del,0,1,0
c.*10_*12delGTA,0,1,0
c.*10_*13del,0,1,0
c.*10_*20delinsA,0,1,0
c.*10_12+13del,0,1,0
c.*100_*103TTTA[1],0,1,0
c.*100+3A>G,0,1,0
c.*100=,0,1,0
c.*1000A>G,0,1,0
c.*1000T>C,0,1,0
c.*1004A>G,0,1,0
c.*1007A>C,0,1,0
c.*1007C>A,0,1,0
c.*100C>T,0,1,0
c.*100del,0,1,0
c.*100G>A,0,1,0
c.*100G>C,0,1,0
c.*101_*104delCTCT,0,1,0
c.*101_*106del,0,1,0
c.*101+1_*101+10del,0,1,0
c.*101+1129C>T,0,1,0
c.*101+11A>G,0,1,0
c.*101+12T>C,0,1,0
c.*101+15T>G,0,1,0
c.*101+1G>A,0,1,0
c.*101+1G>T,0,1,0
c.*101+2T>C,0,1,0
c.*101+30C>T,0,1,0
c.*101+3G>A,0,1,0
c.*101+83C>T,0,1,0
c.*101+929C>T,0,1,0
c.*1010G>T,0,1,0
c.*101-12C>T,0,1,0
c.*101-17C>T,0,1,0
c.*1011A>G,0,1,0
c.*1011C>T,0,1,0
c.*101-1G>A,0,1,0
c.*101-1G>C,0,1,0
c.*1012A>G,0,1,0
c.*101-2A>G,0,1,0
c.*1012C>T,0,1,0
c.*1012G>A,0,1,0
c.*1012G>C,0,1,0
c.*1012G>T,0,1,0
c.*1012T>A,0,1,0
c.*1012T>G,0,1,0
c.*1013G>A,0,1,0
c.*1014A>G,0,1,0
c.*1015A>G,0,1,0
c.*1015G>C,0,1,0
c.*101-5T>C,0,1,0
c.*1016A>G,0,1,0
c.*101-6C>A,0,1,0
c.*1016C>T,0,1,0
c.*1017A>G,0,1,0
c.*1017C>T,0,1,0
c.*1018T>A,0,1,0
c.*1019G>A,0,1,0
c.*101A>G,0,1,0
c.*101C>T,0,1,0
c.*101del,0,1,0
c.*101G>A,0,1,0
c.*101G>C,0,1,0
c.*101G>T,0,1,0
c.*101T>G,0,1,0
c.*1020A>T,0,1,0
c.*1020G>T,0,1,0
c.*1021_*1022delinsGT,0,1,0
c.*1021_*1022delTGinsGT,0,1,0
c.*1021_*1022GT[14],0,1,0
c.*1021_*1022GT[15],0,1,0
c.*1021_*1022GT[18],0,1,0
c.*1021_*1022GT[19],0,1,0
c.*1021_*1022GT[20],0,1,0
c.*102-105A>G,0,1,0
c.*102-10C>G,0,1,0
*1079*,0,0,1
*1108Arg,0,0,1
*1108R,0,0,1
*1133Trp,0,0,1
*1133W,0,0,1
*1187Gln,0,0,1
*1187Q,0,0,1
*1231*,0,0,1
*1231Asp,0,0,1
*1231D,0,0,1
*1231I,0,0,1
*1231Ile,0,0,1
*1231L,0,0,1
*1231Leu,0,0,1
*1250L,0,0,1
*1250Leu,0,0,1
*1275Trp,0,0,1
*1275W,0,0,1
*1313Tyr,0,0,1
*1313Y,0,0,1
*136*,0,0,1
*1361*,0,0,1
*1361Arg,0,0,1
*1361Gln,0,0,1
*1361L,0,0,1
*1361Leu,0,0,1
*1361Leufs,0,0,1
*1361Lfs,0,0,1
*1361Q,0,0,1
*1361R,0,0,1
*1361Tyr,0,0,1
*1361Y,0,0,1
*136Gln,0,0,1
*136Q,0,0,1
*1418K,0,0,1
*1418Lys,0,0,1
*148T,0,0,1
*148Thr,0,0,1
*157C,0,0,1
*157Cys,0,0,1
*160*,0,0,1
*160Arg,0,0,1
*160L,0,0,1
*160Leu,0,0,1
*160R,0,0,1
*160Trp,0,0,1
*160W,0,0,1
*1680*,0,0,1
*1680C,0,0,1
*1680Cys,0,0,1
*1680Trp,0,0,1
*1680W,0,0,1
*1808*,0,0,1
*1808Arg,0,0,1
*1808R,0,0,1
*1936Trp,0,0,1
*1936W,0,0,1
*195Arg,0,0,1
*195R,0,0,1
*199*,0,0,1
*199V,0,0,1
*199Val,0,0,1
*211L,0,0,1
*211Leu,0,0,1
*214Arg,0,0,1
*214C,0,0,1
*214Cys,0,0,1
*214L,0,0,1
*214Leu,0,0,1
*214R,0,0,1
*214Trp,0,0,1
*214W,0,0,1
*269Arg,0,0,1
*269R,0,0,1
*281*,0,0,1
*281E,0,0,1
*281Glu,0,0,1
*2844*,0,0,1
*285E,0,0,1
*285Gln,0,0,1
*285Glu,0,0,1
*285K,0,0,1
*285L,0,0,1
*285Leu,0,0,1
*285Lys,0,0,1
*285Q,0,0,1
*297E,0,0,1
*297Glu,0,0,1
*304L,0,0,1
*304Leu,0,0,1
*315Trp,0,0,1
*315W,0,0,1
*317*,0,0,1
*329L,0,0,1
*329Leu,0,0,1
*342*,0,0,1
*342S,0,0,1
*342Ser,0,0,1
*347L,0,0,1
*347Leu,0,0,1
*386*,0,0,1
*394Arg,0,0,1
*394C,0,0,1
*394Cys,0,0,1
*394G,0,0,1
*394Gly,0,0,1
*394L,0,0,1
*394Leu,0,0,1
*394R,0,0,1
*397T,0,0,1
*397Thr,0,0,1
*404C,0,0,1
*404Cys,0,0,1
*404Trp,0,0,1
*404W,0,0,1
*414Arg,0,0,1
*414R,0,0,1
*420*,0,0,1
*420Arg,0,0,1
*420G,0,0,1
*420Gly,0,0,1
*420R,0,0,1
*430*,0,0,1
*471Gln,0,0,1
*471Q,0,0,1
*471S,0,0,1
*471Ser,0,0,1
*523*,0,0,1
*533*,0,0,1
*537L,0,0,1
*537Leu,0,0,1
*550S,0,0,1
*550Ser,0,0,1
*559K,0,0,1
*559Lys,0,0,1
*616Arg,0,0,1
*616R,0,0,1
*659L,0,0,1
*659Leu,0,0,1
*730*,0,0,1
*752G,0,0,1
*752Gly,0,0,1
*755Gln,0,0,1
*755Q,0,0,1
*757K,0,0,1
*757Lys,0,0,1
*778*,0,0,1
*778Arg,0,0,1
*778R,0,0,1
*778S,0,0,1
*778Ser,0,0,1
*863G,0,0,1
*863Gly,0,0,1
*863L,0,0,1
*863Leu,0,0,1
*883Gln,0,0,1
*883L,0,0,1
*883Leu,0,0,1
*883Q,0,0,1
*935*,0,0,1
*935Arg,0,0,1
*935L,0,0,1
*935Leu,0,0,1
*935R,0,0,1
A1001V,0,0,1
A1002A,0,0,1
A1002V,0,0,1
A1003T,0,0,1
A1004A,0,0,1
A1004fs,0,0,1
A1004T,0,0,1
A1004V,0,0,1
A1005A,0,0,1
A1005fs,0,0,1
A1005V,0,0,1
A1006E,0,0,1
A1006T,0,0,1
A1006V,0,0,1
A1007A,0,0,1
A1007P,0,0,1
A1008A,0,0,1
A1008fs,0,0,1
A1009A,0,0,1
A1009S,0,0,1
A1009T,0,0,1
A1009V,0,0,1
A100A,0,0,1
A100fs,0,0,1
A100P,0,0,1
A100S,0,0,1
A100T,0,0,1
A100V,0,0,1
A1010A,0,0,1
A1010T,0,0,1
A1011A,0,0,1
A1011E,0,0,1
A1011fs,0,0,1
A1011V,0,0,1
A1012A,0,0,1
A1012D,0,0,1
A1012T,0,0,1
A1013T,0,0,1
A1014A,0,0,1
A1014P,0,0,1
A1014T,0,0,1
A1014V,0,0,1
A1015fs,0,0,1
A1015S,0,0,1
A1016A,0,0,1
A1016T,0,0,1
A1016V,0,0,1
A1017P,0,0,1
A1019A,0,0,1
A1019T,0,0,1
A1019V,0,0,1
A101A,0,0,1
A101D,0,0,1
A101S,0,0,1
A101T,0,0,1
A101V,0,0,1
A1020A,0,0,1
A1020V,0,0,1
A1021G,0,0,1
A1022T,0,0,1
A1023T,0,0,1
A1023V,0,0,1
A1024A,0,0,1
A1024P,0,0,1
A1024S,0,0,1
A1024T,0,0,1
A1024V,0,0,1
A1025A,0,0,1
A1025T,0,0,1
A1025V,0,0,1
A1026F,0,0,1
A1026S,0,0,1
A1026T,0,0,1
A1027T,0,0,1
A102A,0,0,1
A102D,0,0,1
A102E,0,0,1
A102G,0,0,1
A102S,0,0,1
A102T,0,0,1
A102V,0,0,1
A1032del,0,0,1
A1034A,0,0,1
A1034fs,0,0,1
AB026546.1,1,0,0
AJ549245.1,1,0,0
BRCA2,1,0,0
LRG_1026,1,0,0
LRG_1026t1,1,0,0
LRG_104,1,0,0
LRG_104t1,1,0,0
LRG_11,1,0,0
LRG_1124,1,0,0
LRG_1124t1,1,0,0
LRG_1125,1,0,0
LRG_1125t1,1,0,0
LRG_1129,1,0,0
LRG_1129t1,1,0,0
LRG_1131,1,0,0
LRG_1131t1,1,0,0
LRG_1138,1,0,0
LRG_1138t1,1,0,0
LRG_1140,1,0,0
LRG_1140t1,1,0,0
LRG_1146,1,0,0
LRG_1146t1,1,0,0
LRG_1148,1,0,0
LRG_1148t1,1,0,0
LRG_1155,1,0,0
LRG_1155t1,1,0,0
LRG_11t1,1,0,0
LRG_11t2,1,0,0
LRG_1237,1,0,0
LRG_1237t1,1,0,0
LRG_130,1,0,0
LRG_130t1,1,0,0
LRG_130t2,1,0,0
LRG_130t3,1,0,0
LRG_135,1,0,0
LRG_135t1,1,0,0
LRG_1365,1,0,0
LRG_1365t1,1,0,0
LRG_1366,1,0,0
LRG_1366t1,1,0,0
LRG_158,1,0,0
LRG_158t1,1,0,0
LRG_161,1,0,0
LRG_161t1,1,0,0
LRG_173,1,0,0
LRG_173t1,1,0,0
LRG_188,1,0,0
LRG_188t1,1,0,0
LRG_20,1,0,0
LRG_205,1,0,0
LRG_205t1,1,0,0
LRG_20t1,1,0,0
LRG_210,1,0,0
LRG_210t1,1,0,0
LRG_214,1,0,0
LRG_214t1,1,0,0
LRG_214t2,1,0,0
LRG_215,1,0,0
LRG_215t1,1,0,0
LRG_216,1,0,0
LRG_216t1,1,0,0
LRG_217,1,0,0
LRG_217t1,1,0,0
LRG_218,1,0,0
LRG_218t1,1,0,0
LRG_219,1,0,0
LRG_219t1,1,0,0
LRG_220,1,0,0
LRG_220t1,1,0,0
LRG_221,1,0,0
LRG_221t1,1,0,0
LRG_227,1,0,0
LRG_227t1,1,0,0
LRG_254,1,0,0
LRG_254t1,1,0,0
LRG_254t2,1,0,0
LRG_254t3,1,0,0
LRG_261,1,0,0
LRG_261t1,1,0,0
LRG_261t2,1,0,0
LRG_261t3,1,0,0
LRG_274,1,0,0
LRG_274t1,1,0,0
LRG_275,1,0,0
LRG_275t1,1,0,0
LRG_276,1,0,0
LRG_276t1,1,0,0
LRG_289,1,0,0
LRG_289t1,1,0,0
LRG_289t2,1,0,0
LRG_289t3,1,0,0
LRG_292,1,0,0
LRG_292t1,1,0,0
LRG_293,1,0,0
LRG_293t1,1,0,0
LRG_295,1,0,0
LRG_295t1,1,0,0
LRG_295t2,1,0,0
LRG_296,1,0,0
LRG_296t1,1,0,0
LRG_297,1,0,0
LRG_297t1,1,0,0
LRG_298,1,0,0
LRG_298t1,1,0,0
LRG_300,1,0,0
LRG_300t1,1,0,0
LRG_301,1,0,0
LRG_301t1,1,0,0
LRG_304,1,0,0
LRG_304t1,1,0,0
LRG_306,1,0,0
LRG_306t1,1,0,0
LRG_306t2,1,0,0
LRG_307,1,0,0
LRG_307t1,1,0,0
LRG_308,1,0,0
LRG_308t1,1,0,0
LRG_309,1,0,0
LRG_309t1,1,0,0
LRG_310,1,0,0
LRG_310t1,1,0,0
LRG_311,1,0,0
LRG_311t1,1,0,0
LRG_314,1,0,0
LRG_314t1,1,0,0
LRG_316,1,0,0
LRG_316t1,1,0,0
LRG_317,1,0,0
LRG_317t1,1,0,0
LRG_318,1,0,0
LRG_318t1,1,0,0
LRG_319,1,0,0
LRG_319t1,1,0,0
LRG_321,1,0,0
LRG_321t1,1,0,0
LRG_321t2,1,0,0
LRG_321t3,1,0,0
LRG_321t4,1,0,0
LRG_321t5,1,0,0
LRG_321t6,1,0,0
LRG_321t7,1,0,0
LRG_321t8,1,0,0
LRG_322,1,0,0
LRG_322t1,1,0,0
LRG_325,1,0,0
LRG_325t1,1,0,0
LRG_343,1,0,0
LRG_343t1,1,0,0
LRG_344,1,0,0
LRG_344t1,1,0,0
LRG_344t2,1,0,0
LRG_345,1,0,0
LRG_345t1,1,0,0
LRG_346,1,0,0
LRG_346t1,1,0,0
LRG_347,1,0,0
LRG_347t1,1,0,0
LRG_363,1,0,0
LRG_363t1,1,0,0
LRG_377,1,0,0
LRG_377t1,1,0,0
LRG_377t2,1,0,0
LRG_380,1,0,0
LRG_380t1,1,0,0
LRG_383,1,0,0
LRG_383t1,1,0,0
LRG_384,1,0,0
LRG_384t1,1,0,0
LRG_385,1,0,0
LRG_385t1,1,0,0
LRG_385t2,1,0,0
LRG_386,1,0,0
LRG_386t1,1,0,0
LRG_390,1,0,0
LRG_390t1,1,0,0
LRG_393,1,0,0
LRG_393t1,1,0,0
LRG_395,1,0,0
LRG_395t1,1,0,0
LRG_397,1,0,0
LRG_397t1,1,0,0
LRG_398,1,0,0
LRG_398t1,1,0,0
LRG_400,1,0,0
LRG_400t1,1,0,0
LRG_401,1,0,0
LRG_401t1,1,0,0
LRG_401t2,1,0,0
LRG_406,1,0,0
LRG_406t1,1,0,0
LRG_406t2,1,0,0
LRG_408,1,0,0
LRG_408t1,1,0,0
LRG_423,1,0,0
LRG_423t1,1,0,0
LRG_432,1,0,0
LRG_432t1,1,0,0
LRG_434,1,0,0
LRG_434t1,1,0,0
LRG_434t2,1,0,0
LRG_435,1,0,0
LRG_435t1,1,0,0
LRG_440,1,0,0
LRG_440t1,1,0,0
LRG_456,1,0,0
LRG_456t1,1,0,0
LRG_460,1,0,0
LRG_460t1,1,0,0
LRG_461,1,0,0
LRG_461t1,1,0,0
LRG_462,1,0,0
LRG_462t1,1,0,0
LRG_463,1,0,0
LRG_463t1,1,0,0
LRG_464,1,0,0
LRG_464t1,1,0,0
LRG_467,1,0,0
LRG_467t1,1,0,0
LRG_47,1,0,0
LRG_471,1,0,0
LRG_471t1,1,0,0
LRG_47t1,1,0,0
LRG_482,1,0,0
LRG_482t1,1,0,0
LRG_486,1,0,0
LRG_486t1,1,0,0
LRG_487,1,0,0
LRG_487t1,1,0,0
LRG_488,1,0,0
LRG_488t1,1,0,0
LRG_489,1,0,0
LRG_489t1,1,0,0
LRG_490,1,0,0
LRG_490t1,1,0,0
LRG_491,1,0,0
LRG_491t1,1,0,0
LRG_492,1,0,0
LRG_492t1,1,0,0
LRG_493,1,0,0
LRG_493t1,1,0,0
LRG_494,1,0,0
LRG_494t1,1,0,0
LRG_494t2,1,0,0
LRG_495,1,0,0
LRG_495t1,1,0,0
LRG_496,1,0,0
LRG_496t1,1,0,0
LRG_497,1,0,0
LRG_497t1,1,0,0